Player,wk7,wk6,wk5,wk4,wk3,wk2,wk1
Lamar Jackson(BAL),99.8,99.8,99.8,99.8,99.8,99.8,99.8
Josh Allen(BUF),99.7,99.7,99.7,99.7,99.7,99.7,99.7
Jalen Hurts(PHI),99.6,99.6,99.6,99.6,99.6,99.6,99.6
C.J. Stroud(HOU),98.0,98.0,98.0,98.0,98.0,98.0,98.0
Patrick Mahomes II(KC),97.7,97.7,97.7,97.7,97.7,97.7,97.7
Jayden Daniels(WAS),97.2,97.2,97.2,97.2,97.2,97.2,97.2
Joe Burrow(CIN),96.6,96.6,96.6,96.6,96.6,96.6,96.6
Kyler Murray(ARI),94.1,94.1,94.1,94.1,94.1,94.1,94.1
Dak Prescott(DAL),93.3,93.3,93.3,93.3,93.3,93.3,93.3
Brock Purdy(SF),90.6,90.6,90.6,90.6,90.6,90.6,90.6
Jordan Love(GB),90.4,90.4,90.4,90.4,90.4,90.4,90.4
Anthony Richardson(IND),83.5,83.5,83.5,83.5,83.5,83.5,83.5
Baker Mayfield(TB),79.2,79.2,79.2,79.2,79.2,79.2,79.2
Kirk Cousins(ATL),72.0,72.0,72.0,72.0,72.0,72.0,72.0
Jared Goff(DET),69.8,69.8,69.8,69.8,69.8,69.8,69.8
Justin Fields(PIT),63.4,63.4,63.4,63.4,63.4,63.4,63.4
Caleb Williams(CHI),62.6,62.6,62.6,62.6,62.6,62.6,62.6
Geno Smith(SEA),58.3,58.3,58.3,58.3,58.3,58.3,58.3
Sam Darnold(MIN),51.9,51.9,51.9,51.9,51.9,51.9,51.9
Aaron Rodgers(NYJ),47.7,47.7,47.7,47.7,47.7,47.7,47.7
Justin Herbert(LAC),44.8,44.8,44.8,44.8,44.8,44.8,44.8
Trevor Lawrence(JAC),42.8,42.8,42.8,42.8,42.8,42.8,42.8
Tua Tagovailoa(MIA),41.8,41.8,41.8,41.8,41.8,41.8,41.8
Derek Carr(NO),31.0,31.0,31.0,31.0,31.0,31.0,31.0
Matthew Stafford(LAR),29.7,29.7,29.7,29.7,29.7,29.7,29.7
Taysom Hill(NO),28.3,28.3,28.3,28.3,28.3,28.3,28.3
Deshaun Watson(CLE),19.4,19.4,19.4,19.4,19.4,19.4,19.4
Daniel Jones(NYG),19.3,19.3,19.3,19.3,19.3,19.3,19.3
Bo Nix(DEN),14.1,14.1,14.1,14.1,14.1,14.1,14.1
Andy Dalton(CAR),10.2,10.2,10.2,10.2,10.2,10.2,10.2
Drake Maye(NE),9.3,9.3,9.3,9.3,9.3,9.3,9.3
Will Levis(TEN),8.7,8.7,8.7,8.7,8.7,8.7,8.7
Joe Flacco(IND),7.9,7.9,7.9,7.9,7.9,7.9,7.9
Spencer Rattler(NO),4.9,4.9,4.9,4.9,4.9,4.9,4.9
Russell Wilson(PIT),4.2,4.2,4.2,4.2,4.2,4.2,4.2
Bryce Young(CAR),4.2,4.2,4.2,4.2,4.2,4.2,4.2
Gardner Minshew II(LV),3.8,3.8,3.8,3.8,3.8,3.8,3.8
Jacoby Brissett(NE),2.5,2.5,2.5,2.5,2.5,2.5,2.5
Aidan O'Connell(LV),2.2,2.2,2.2,2.2,2.2,2.2,2.2
Malik Willis(GB),2.1,2.1,2.1,2.1,2.1,2.1,2.1
Michael Penix Jr.(ATL),2.1,2.1,2.1,2.1,2.1,2.1,2.1
Skylar Thompson(MIA),2.0,2.0,2.0,2.0,2.0,2.0,2.0
J.J. McCarthy(MIN),2.0,2.0,2.0,2.0,2.0,2.0,2.0
Sam Howell(SEA),1.4,1.4,1.4,1.4,1.4,1.4,1.4
Tyler Huntley(MIA),1.4,1.4,1.4,1.4,1.4,1.4,1.4
Jameis Winston(CLE),1.2,1.2,1.2,1.2,1.2,1.2,1.2
Drew Lock(NYG),0.8,0.8,0.8,0.8,0.8,0.8,0.8
Jake Browning(CIN),0.7,0.7,0.7,0.7,0.7,0.7,0.7
Jarrett Stidham(DEN),0.6,0.6,0.6,0.6,0.6,0.6,0.6
Kenny Pickett(PHI),0.2,0.2,0.2,0.2,0.2,0.2,0.2
Hendon Hooker(DET),0.2,0.2,0.2,0.2,0.2,0.2,0.2
Carson Wentz(KC),0.1,0.1,0.1,0.1,0.1,0.1,0.1
Joshua Dobbs(SF),0.1,0.1,0.1,0.1,0.1,0.1,0.1
Zach Wilson(DEN),0.1,0.1,0.1,0.1,0.1,0.1,0.1
Mac Jones(JAC),0.1,0.1,0.1,0.1,0.1,0.1,0.1
Jordan Travis(NYJ),0.1,0.1,0.1,0.1,0.1,0.1,0.1
Marcus Mariota(WAS),0.1,0.1,0.1,0.1,0.1,0.1,0.1
Mason Rudolph(TEN),0.1,0.1,0.1,0.1,0.1,0.1,0.1
Mitchell Trubisky(BUF),0.1,0.1,0.1,0.1,0.1,0.1,0.1
Josh Johnson(BAL),0.1,0.1,0.1,0.1,0.1,0.1,0.1
Cooper Rush(DAL),0.1,0.1,0.1,0.1,0.1,0.1,0.1
Nick Mullens(MIN),0.1,0.1,0.1,0.1,0.1,0.1,0.1
Trey Lance(DAL),0.1,0.1,0.1,0.1,0.1,0.1,0.1
Joe Milton III(NE),0.1,0.1,0.1,0.1,0.1,0.1,0.1
Tim Boyle(MIA),0.1,0.1,0.1,0.1,0.1,0.1,0.1
Davis Mills(HOU),0.1,0.1,0.1,0.1,0.1,0.1,0.1
Jimmy Garoppolo(LAR),0.1,0.1,0.1,0.1,0.1,0.1,0.1
Tommy DeVito(NYG),0.1,0.1,0.1,0.1,0.1,0.1,0.1
Tyson Bagent(CHI),0.1,0.1,0.1,0.1,0.1,0.1,0.1
Tyrod Taylor(NYJ),0.1,0.1,0.1,0.1,0.1,0.1,0.1
Jake Haener(NO),0.1,0.1,0.1,0.1,0.1,0.1,0.1
Adrian Martinez(NYJ),0.0,0.0,0.0,0.0,0.0,0.0,0.0
Will Grier(PHI),0.0,0.0,0.0,0.0,0.0,0.0,0.0
Ben Chappell(WAS),0.0,0.0,0.0,0.0,0.0,0.0,0.0
Sam Ehlinger(IND),0.0,0.0,0.0,0.0,0.0,0.0,0.0
Sam Hartman(WAS),0.0,0.0,0.0,0.0,0.0,0.0,0.0
Taylor Heinicke(LAC),0.0,0.0,0.0,0.0,0.0,0.0,0.0
Trevor Siemian(TEN),0.0,0.0,0.0,0.0,0.0,0.0,0.0
Austin Reed(CHI),0.0,0.0,0.0,0.0,0.0,0.0,0.0
Brandon Allen(SF),0.0,0.0,0.0,0.0,0.0,0.0,0.0
Shane Buechele(BUF),0.0,0.0,0.0,0.0,0.0,0.0,0.0
Stetson Bennett(LAR),0.0,0.0,0.0,0.0,0.0,0.0,0.0
Tanner McKee(PHI),0.0,0.0,0.0,0.0,0.0,0.0,0.0
Tanner Mordecai(SF),0.0,0.0,0.0,0.0,0.0,0.0,0.0
Bailey Zappe(KC),0.0,0.0,0.0,0.0,0.0,0.0,0.0
Sean Clifford(GB),0.0,0.0,0.0,0.0,0.0,0.0,0.0
Easton Stick(LAC),0.0,0.0,0.0,0.0,0.0,0.0,0.0
Nathan Peterman(ATL),0.0,0.0,0.0,0.0,0.0,0.0,0.0
Mike White(BUF),0.0,0.0,0.0,0.0,0.0,0.0,0.0
Feleipe Franks(CAR),0.0,0.0,0.0,0.0,0.0,0.0,0.0
Hunter Cantwell(BAL),0.0,0.0,0.0,0.0,0.0,0.0,0.0
Jack Plummer(CAR),0.0,0.0,0.0,0.0,0.0,0.0,0.0
Jake Fromm(DET),0.0,0.0,0.0,0.0,0.0,0.0,0.0
Dorian Thompson-Robinson(CLE),0.0,0.0,0.0,0.0,0.0,0.0,0.0
Devin Leary(BAL),0.0,0.0,0.0,0.0,0.0,0.0,0.0
Jaren Hall(SEA),0.0,0.0,0.0,0.0,0.0,0.0,0.0
Jason Bean(IND),0.0,0.0,0.0,0.0,0.0,0.0,0.0
Desmond Ridder(ARI),0.0,0.0,0.0,0.0,0.0,0.0,0.0
Jeff Driskel(WAS),0.0,0.0,0.0,0.0,0.0,0.0,0.0
Adam Froman(ATL),0.0,0.0,0.0,0.0,0.0,0.0,0.0
John Rhys Plumlee(JAC),0.0,0.0,0.0,0.0,0.0,0.0,0.0
Clayton Tune(ARI),0.0,0.0,0.0,0.0,0.0,0.0,0.0
Case Keenum(HOU),0.0,0.0,0.0,0.0,0.0,0.0,0.0
Carter Bradley(LV),0.0,0.0,0.0,0.0,0.0,0.0,0.0
Kedon Slovis(HOU),0.0,0.0,0.0,0.0,0.0,0.0,0.0
Kyle Allen(PIT),0.0,0.0,0.0,0.0,0.0,0.0,0.0
Kyle Trask(TB),0.0,0.0,0.0,0.0,0.0,0.0,0.0
Brett Smith(TB),0.0,0.0,0.0,0.0,0.0,0.0,0.0
Erik Ainge(NYJ),0.0,0.0,0.0,0.0,0.0,0.0,0.0
Malik Cunningham(BAL),0.0,0.0,0.0,0.0,0.0,0.0,0.0
Brett Rypien(MIN),0.0,0.0,0.0,0.0,0.0,0.0,0.0
Michael Pratt(TB),0.0,0.0,0.0,0.0,0.0,0.0,0.0
Logan Woodside(CIN),0.0,0.0,0.0,0.0,0.0,0.0,0.0
Jake Luton(FA),,,,,,,0.0
